strategy,overall_quality,identifying_major_flaws,character_behavior,common_sense_adherence,consistency,relatedness,causal_temporal_relationship,avg_score
baseline,5.95,4.65,6.4,5.75,5.25,5.25,5.5,5.535714285714286
"mcts (max_children=3, iterations=60, scoring_depth=1)",7.558333333333333,7.125000000000002,7.625,7.183333333333333,7.416666666666667,7.349999999999999,7.133333333333333,7.341666666666667
"mcts (max_children=3, iterations=60, scoring_depth=3)",7.975,7.566666666666667,8.033333333333335,7.616666666666667,8.008333333333335,7.833333333333333,7.583333333333334,7.802380952380953
"mcts (max_children=6, iterations=100, scoring_depth=1)",7.400000000000001,6.975,7.449999999999998,6.983333333333334,7.233333333333334,7.124999999999998,7.091666666666667,7.1797619047619055
"mcts (max_children=6, iterations=100, scoring_depth=3)",8.025,7.633333333333333,7.9833333333333325,7.65,7.958333333333333,7.783333333333333,7.566666666666665,7.799999999999999